name,lastname
Bob,Smith
James,David
Robert,Miller
David,Martin
Bob,Smith
James,David
Robert,Miller
David,Martin
Bob,Smith
James,David
Robert,Miller
David,Martin
Bob,Smith
James,David
Robert,Miller
David,Martin
Bob,Smith
James,David
Robert,Miller
David,Martin
Bob,Smith
James,David
Robert,Miller
David,Martin
Bob,Smith
James,David
Robert,Miller
David,Martin
Bob,Smith
James,David
Robert,Miller
David,Martin
Bob,Smith
James,David
Robert,Miller
David,Martin
Bob,Smith
James,David
Robert,Miller
David,Martin
Bob,Smith
James,David
Robert,Miller
David,Martin
Bob,Smith
James,David
Robert,Miller
David,Martin
Bob,Smith
James,David
Robert,Miller
David,Martin
Bob,Smith
James,David
Robert,Miller
David,Martin
Bob,Smith
James,David
Robert,Miller
David,Martin
Bob,Smith
James,David
Robert,Miller
David,Martin
Bob,Smith
James,David
Robert,Miller
David,Martin
Bob,Smith
James,David
Robert,Miller
David,Martin
Bob,Smith
James,David
Robert,Miller
David,Martin
Bob,Smith
James,David
Robert,Miller
David,Martin
Bob,Smith
James,David
Robert,Miller
David,Martin
Bob,Smith
James,David
Robert,Miller
David,Martin
Bob,Smith
James,David
Robert,Miller
David,Martin
Bob,Smith
James,David
Robert,Miller
David,Martin
Bob,Smith
James,David
Robert,Miller
David,Martin
Bob,Smith
James,David
Robert,Miller
David,Martin
Bob,Smith
James,David
Robert,Miller
David,Martin
Bob,Smith
James,David
Robert,Miller
David,Martin
Bob,Smith
James,David
Robert,Miller
David,Martin
Bob,Smith
James,David
Robert,Miller
David,Martin
Bob,Smith
James,David
Robert,Miller
David,Martin
Bob,Smith
James,David
Robert,Miller
David,Martin
Bob,Smith
James,David
Robert,Miller
David,Martin
Bob,Smith
James,David
Robert,Miller
David,Martin
Bob,Smith
James,David
Robert,Miller
David,Martin
Bob,Smith
James,David
Robert,Miller
David,Martin
Bob,Smith
James,David
Robert,Miller
David,Martin
Bob,Smith
James,David
Robert,Miller
David,Martin
Bob,Smith
James,David
Robert,Miller
David,Martin
Bob,Smith
James,David
Robert,Miller
David,Martin
Bob,Smith
James,David
Robert,Miller
David,Martin
Bob,Smith
James,David
Robert,Miller
David,Martin
Bob,Smith
James,David
Robert,Miller
David,Martin
Bob,Smith
James,David
Robert,Miller
David,Martin
Bob,Smith
James,David
Robert,Miller
David,Martin
Bob,Smith
James,David
Robert,Miller
David,Martin
Bob,Smith
James,David
Robert,Miller
David,Martin
Bob,Smith
James,David
Robert,Miller
David,Martin
Bob,Smith
James,David
Robert,Miller
David,Martin
Bob,Smith
James,David
Robert,Miller
David,Martin
Bob,Smith
James,David
Robert,Miller
David,Martin
Bob,Smith
James,David
Robert,Miller
David,Martin
Bob,Smith
James,David
Robert,Miller
David,Martin
Bob,Smith
James,David
Robert,Miller
David,Martin
Bob,Smith
James,David
Robert,Miller
David,Martin
Bob,Smith
James,David
Robert,Miller
David,Martin
Bob,Smith
James,David
Robert,Miller
David,Martin
Bob,Smith
James,David
Robert,Miller
David,Martin
Bob,Smith
James,David
Robert,Miller
David,Martin
Bob,Smith
James,David
Robert,Miller
David,Martin
Bob,Smith
James,David
Robert,Miller
David,Martin
Bob,Smith
James,David
Robert,Miller
David,Martin
Bob,Smith
James,David
Robert,Miller
David,Martin
Bob,Smith
James,David
Robert,Miller
David,Martin
Bob,Smith
James,David
Robert,Miller
David,Martin
Bob,Smith
James,David
Robert,Miller
David,Martin
Bob,Smith
James,David
Robert,Miller
David,Martin
Bob,Smith
James,David
Robert,Miller
David,Martin
Bob,Smith
James,David
Robert,Miller
David,Martin
Bob,Smith
James,David
Robert,Miller
David,Martin
Bob,Smith
James,David
Robert,Miller
David,Martin
Bob,Smith
James,David
Robert,Miller
David,Martin
Bob,Smith
James,David
Robert,Miller
David,Martin
Bob,Smith
James,David
Robert,Miller
David,Martin
Bob,Smith
James,David
Robert,Miller
David,Martin
Bob,Smith
James,David
Robert,Miller
David,Martin
Bob,Smith
James,David
Robert,Miller
David,Martin
Bob,Smith
James,David
Robert,Miller
David,Martin
Bob,Smith
James,David
Robert,Miller
David,Martin
Bob,Smith
James,David
Robert,Miller
David,Martin
Bob,Smith
James,David
Robert,Miller
David,Martin
Bob,Smith
James,David
Robert,Miller
David,Martin
Bob,Smith
James,David
Robert,Miller
David,Martin
Bob,Smith
James,David
Robert,Miller
David,Martin
Bob,Smith
James,David
Robert,Miller
David,Martin
Bob,Smith
James,David
Robert,Miller
David,Martin
Bob,Smith
James,David
Robert,Miller
David,Martin
Bob,Smith
James,David
Robert,Miller
David,Martin
Bob,Smith
James,David
Robert,Miller
David,Martin
Bob,Smith
James,David
Robert,Miller
David,Martin
Bob,Smith
James,David
Robert,Miller
David,Martin
Bob,Smith
James,David
Robert,Miller
David,Martin
Bob,Smith
James,David
Robert,Miller
David,Martin
Bob,Smith
James,David
Robert,Miller
David,Martin
Bob,Smith
James,David
Robert,Miller
David,Martin
Bob,Smith
James,David
Robert,Miller
David,Martin
Bob,Smith
James,David
Robert,Miller
David,Martin
Bob,Smith
James,David
Robert,Miller
David,Martin
Bob,Smith
James,David
Robert,Miller
David,Martin
Bob,Smith
James,David
Robert,Miller
David,Martin
Bob,Smith
James,David
Robert,Miller
David,Martin
Bob,Smith
James,David
Robert,Miller
David,Martin
Bob,Smith
James,David
Robert,Miller
David,Martin
Bob,Smith
James,David
Robert,Miller
David,Martin
Bob,Smith
James,David
Robert,Miller
David,Martin
Bob,Smith
James,David
Robert,Miller
David,Martin
Bob,Smith
James,David
Robert,Miller
David,Martin
Bob,Smith
James,David
Robert,Miller
David,Martin
Bob,Smith
James,David
Robert,Miller
David,Martin
Bob,Smith
James,David
Robert,Miller
David,Martin
Bob,Smith
James,David
Robert,Miller
David,Martin
Bob,Smith
James,David
Robert,Miller
David,Martin
Bob,Smith
James,David
Robert,Miller
David,Martin
Bob,Smith
James,David
Robert,Miller
David,Martin
Bob,Smith
James,David
Robert,Miller
David,Martin
Bob,Smith
James,David
Robert,Miller
David,Martin
Bob,Smith
James,David
Robert,Miller
David,Martin
Bob,Smith
James,David
Robert,Miller
David,Martin
Bob,Smith
James,David
Robert,Miller
David,Martin
Bob,Smith
James,David
Robert,Miller
David,Martin
Bob,Smith
James,David
Robert,Miller
David,Martin
Bob,Smith
James,David
Robert,Miller
David,Martin
Bob,Smith
James,David
Robert,Miller
David,Martin
Bob,Smith
James,David
Robert,Miller
David,Martin
Bob,Smith
James,David
Robert,Miller
David,Martin
Bob,Smith
James,David
Robert,Miller
David,Martin
Bob,Smith
James,David
Robert,Miller
David,Martin
Bob,Smith
James,David
Robert,Miller
David,Martin
Bob,Smith
James,David
Robert,Miller
David,Martin
Bob,Smith
James,David
Robert,Miller
David,Martin
Bob,Smith
James,David
Robert,Miller
David,Martin
Bob,Smith
James,David
Robert,Miller
David,Martin
Bob,Smith
James,David
Robert,Miller
David,Martin
Bob,Smith
James,David
Robert,Miller
David,Martin
Bob,Smith
James,David
Robert,Miller
David,Martin
Bob,Smith
James,David
Robert,Miller
David,Martin
Bob,Smith
James,David
Robert,Miller
David,Martin
Bob,Smith
James,David
Robert,Miller
David,Martin
Bob,Smith
James,David
Robert,Miller
David,Martin
Bob,Smith
James,David
Robert,Miller
David,Martin
Bob,Smith
James,David
Robert,Miller
David,Martin
Bob,Smith
James,David
Robert,Miller
David,Martin
Bob,Smith
James,David
Robert,Miller
David,Martin
Bob,Smith
James,David
Robert,Miller
David,Martin
Bob,Smith
James,David
Robert,Miller
David,Martin
Bob,Smith
James,David
Robert,Miller
David,Martin
Bob,Smith
James,David
Robert,Miller
David,Martin
Bob,Smith
James,David
Robert,Miller
David,Martin
Bob,Smith
James,David
Robert,Miller
David,Martin
Bob,Smith
James,David
Robert,Miller
David,Martin
Bob,Smith
James,David
Robert,Miller
David,Martin
Bob,Smith
James,David
Robert,Miller
David,Martin
Bob,Smith
James,David
Robert,Miller
David,Martin
Bob,Smith
James,David
Robert,Miller
David,Martin
Bob,Smith
James,David
Robert,Miller
David,Martin
Bob,Smith
James,David
Robert,Miller
David,Martin
Bob,Smith
James,David
Robert,Miller
David,Martin
Bob,Smith
James,David
Robert,Miller
David,Martin
Bob,Smith
James,David
Robert,Miller
David,Martin
Bob,Smith
James,David
Robert,Miller
David,Martin
Bob,Smith
James,David
Robert,Miller
David,Martin
Bob,Smith
James,David
Robert,Miller
David,Martin
Bob,Smith
James,David
Robert,Miller
David,Martin
Bob,Smith
James,David
Robert,Miller
David,Martin
Bob,Smith
James,David
Robert,Miller
David,Martin
Bob,Smith
James,David
Robert,Miller
David,Martin
Bob,Smith
James,David
Robert,Miller
David,Martin
Bob,Smith
James,David
Robert,Miller
David,Martin
Bob,Smith
James,David
Robert,Miller
David,Martin
Bob,Smith
James,David
Robert,Miller
David,Martin
Bob,Smith
James,David
Robert,Miller
David,Martin
Bob,Smith
James,David
Robert,Miller
David,Martin
Bob,Smith
James,David
Robert,Miller
David,Martin
Bob,Smith
James,David
Robert,Miller
David,Martin
Bob,Smith
James,David
Robert,Miller
David,Martin
Bob,Smith
James,David
Robert,Miller
David,Martin
Bob,Smith
James,David
Robert,Miller
David,Martin
Bob,Smith
James,David
Robert,Miller
David,Martin
Bob,Smith
James,David
Robert,Miller
David,Martin
Bob,Smith
James,David
Robert,Miller
David,Martin
Bob,Smith
James,David
Robert,Miller
David,Martin
Bob,Smith
James,David
Robert,Miller
David,Martin
Bob,Smith
James,David
Robert,Miller
David,Martin
Bob,Smith
James,David
Robert,Miller
David,Martin
Bob,Smith
James,David
Robert,Miller
David,Martin
Bob,Smith
James,David
Robert,Miller
David,Martin
Bob,Smith
James,David
Robert,Miller
David,Martin
Bob,Smith
James,David
Robert,Miller
David,Martin
Bob,Smith
James,David
Robert,Miller
David,Martin
Bob,Smith
James,David
Robert,Miller
David,Martin
Bob,Smith
James,David
Robert,Miller
David,Martin
Bob,Smith
James,David
Robert,Miller
David,Martin
Bob,Smith
James,David
Robert,Miller
David,Martin
Bob,Smith
James,David
Robert,Miller
David,Martin
Bob,Smith
James,David
Robert,Miller
David,Martin
Bob,Smith
James,David
Robert,Miller
David,Martin
Bob,Smith
James,David
Robert,Miller
David,Martin
Bob,Smith
James,David
Robert,Miller
David,Martin
Bob,Smith
James,David
Robert,Miller
David,Martin
Bob,Smith
James,David
Robert,Miller
David,Martin
Bob,Smith
James,David
Robert,Miller
David,Martin
Bob,Smith
James,David
Robert,Miller
David,Martin
Bob,Smith
James,David
Robert,Miller
David,Martin
Bob,Smith
James,David
Robert,Miller
David,Martin
Bob,Smith
James,David
Robert,Miller
David,Martin
Bob,Smith
James,David
Robert,Miller
David,Martin
Bob,Smith
James,David
Robert,Miller
David,Martin
Bob,Smith
James,David
Robert,Miller
David,Martin
Bob,Smith
James,David
Robert,Miller
David,Martin
Bob,Smith
James,David
Robert,Miller
David,Martin
Bob,Smith
James,David
Robert,Miller
David,Martin
Bob,Smith
James,David
Robert,Miller
David,Martin
Bob,Smith
James,David
Robert,Miller
David,Martin
Bob,Smith
James,David
Robert,Miller
David,Martin
Bob,Smith
James,David
Robert,Miller
David,Martin
Bob,Smith
James,David
Robert,Miller
David,Martin
Bob,Smith
James,David
Robert,Miller
David,Martin
Bob,Smith
James,David
Robert,Miller
David,Martin
Bob,Smith
James,David
Robert,Miller
David,Martin
Bob,Smith
James,David
Robert,Miller
David,Martin
Bob,Smith
James,David
Robert,Miller
David,Martin
Bob,Smith
James,David
Robert,Miller
David,Martin
Bob,Smith
James,David
Robert,Miller
David,Martin
Bob,Smith
James,David
Robert,Miller
David,Martin
Bob,Smith
James,David
Robert,Miller
David,Martin
Bob,Smith
James,David
Robert,Miller
David,Martin
Bob,Smith
James,David
Robert,Miller
David,Martin
Bob,Smith
James,David
Robert,Miller
David,Martin
Bob,Smith
James,David
Robert,Miller
David,Martin
Bob,Smith
James,David
Robert,Miller
David,Martin
Bob,Smith
James,David
Robert,Miller
David,Martin
Bob,Smith
James,David
Robert,Miller
David,Martin
Bob,Smith
James,David
Robert,Miller
David,Martin
Bob,Smith
James,David
Robert,Miller
David,Martin
Bob,Smith
James,David
Robert,Miller
David,Martin
Bob,Smith
James,David
Robert,Miller
David,Martin
Bob,Smith
James,David
Robert,Miller
David,Martin
Bob,Smith
James,David
Robert,Miller
David,Martin
Bob,Smith
James,David
Robert,Miller
David,Martin
Bob,Smith
James,David
Robert,Miller
David,Martin
Bob,Smith
James,David
Robert,Miller
David,Martin
Bob,Smith
James,David
Robert,Miller
David,Martin
Bob,Smith
James,David
Robert,Miller
David,Martin
Bob,Smith
James,David
Robert,Miller
David,Martin
Bob,Smith
James,David
Robert,Miller
David,Martin
Bob,Smith
James,David
Robert,Miller
David,Martin
Bob,Smith
James,David
Robert,Miller
David,Martin
Bob,Smith
James,David
Robert,Miller
David,Martin
Bob,Smith
James,David
Robert,Miller
David,Martin
Bob,Smith
James,David
Robert,Miller